First Last,First,Last,Company,Domain
Frank Codella,Frank,Codella,"Medical Acoustics, LLC",www.lungflute.com
Paul Gianneschi,Paul,Gianneschi,"Hatch Medical, L.L.C.",www.hatchmedical.com
Will Mauldin,Will,Mauldin,"Rivanna Medical, LLC",www.rivannamedical.com
Mark Falkowski,Mark,Falkowski,Pyrexar Medical Inc.,www.pyrexar.com
Steven Dawson,Steven,Dawson,Harmar,www.harmar.com
John Jelani Manuel,John,Manuel,Shamrock Surgical,www.shamrocksurgical.com
Shannon Fenning,Shannon,Fenning,"Sanovas, Inc.",www.sanovas.com
Miles Rosen,Miles,Rosen,"Pelvalon, Inc.",www.pelvalon.com
Nima Pakravan,Nima,Pakravan,"MediaMed, Inc",www.mediamed.com
Pete Naschak,Pete,Naschak,Senaptec LLC,www.senaptec.com
Kevin Harper,Kevin,Harper,"Knowvention, LLC",www.knowvention.com
Jonathan Allen Coe,Jonathan,Coe,"Prescient Surgical, Inc.",www.prescientsurgical.com
Robert Benjamin Hamilton,Robert,Hamilton,"Neural Analytics, Inc.",www.neuralanalytics.com
Max Younger,Max,Younger,"Mobility Designed, LLC",www.mobilitydesigned.com
Cheryl Young,Cheryl,Young,"Young Innovations, Inc.",www.ydnt.com
Robert Hamas,Robert,Hamas,Ideal Implant Incorporated,www.idealimplant.com
Helmut Kluckner,Helmut,Kluckner,Helimot European Accessories,www.helimot.com
Arik Hanannel,Arik,Hanannel,FUSMobile,www.fusmobile.com
Andrey Zarur,Andrey,Zarur,"Lumicell, Inc.",www.lumicell.com
David Groll,,,Circadiance LLC,www.circadiance.com
