First Last,First,Last,Company,Domain
Todd Schroeder,Todd,Schroeder,"VitalDyne, Inc",www.vitaldyne.com
Laura Perin,Laura,Perin,Labconco Corporation,www.labconco.com
Norman Smith,Norman,Smith,Vision RT Ltd.,www.visionrt.com
Shai Gozani,Shai,Gozani,NeuroMetrix Inc,www.neurometrix.com
Jeff Scholtes,Jeff,Scholtes,Millennium Sleep Lab,www.millenniumsleeplab.com
Andrew Hofmeister,Andrew,Hofmeister,"Shape Medical Systems, Inc.",www.shapemedsystems.com
Billy Drake,Billy,Drake,Drake Precision Dental Laboratory,www.drakelab.com
Jeffrey Shepard,Jeffrey,Shepard,MedaCheck LLC,www.medacheck.com
Warren Colter,Warren,Colter,"Bauerfeind Usa, Inc",www.bauerfeindusa.com
Paul Kuznik,Paul,Kuznik,"Bolton Medical, Inc.",www.boltonmedical.com
Ihsan Haddad,Ihsan,Haddad,"Clearline Md, Llc",www.clearlinemd.com
Paul Siepmann,Paul,Siepmann,The Brewer Company,www.brewercompany.com
Jim Gibson,Jim,Gibson,"Devicor Medical Products, Inc.",www.mammotome.com
Gilad Yoeli,Gilad,Yoeli,"Spectrum Dynamics Medical, Inc.",www.spectrum-dynamics.com
Mike Bartlett,Mike,Bartlett,"Vital Art and Science, LLC.",www.myvisiontrack.com
Matthew Bellman,Matthew,Bellman,Myolyn Llc,www.myolyn.com
Amr Salahieh,Amr,Salahieh,Shifamed LLC,www.shifamed.com
Sylvia Aruffo,Sylvia,Aruffo,"Communication Science, Inc.",www.carekit.com
Michael R. R Minogue,Michael,Minogue,Abiomed Inc,www.abiomed.com
Christopher Harvell,,,"Dental Kidz, LLC",www.dentalkidz.com
